1001989.3	99.54
100226.15	100
1002366.3	98.9
1002369.4	98.9
1004787.3	98.48
1004951.3	99.25
1004952.3	99.75
1005041.3	100
1005058.3	100
1005396.3	99.59
1005397.3	99.64
1005398.3	99.64
1005399.3	99.64
1005400.3	99.64
1005401.3	99.64
1005402.3	99.64
1005403.3	99.64
1005404.3	99.64
1005405.3	99.64
1005406.3	99.41
1005407.3	99.64
1005408.3	99.64
1005410.3	99.64
1005411.3	99.64
1005412.3	99.64
1005413.3	99.54
1005414.3	99.9
1005415.3	99.64
1005416.3	99.64
1005418.3	97.19
1005419.3	99.34
1005420.3	98.02
1005421.3	99.64
1005423.3	99.64
1005424.3	99.64
1005430.3	99.64
1005431.3	99.93
1005432.3	99.87
1005435.3	99.54
1005436.3	99.48
1005437.3	99.59
1005439.3	99.93
1005440.3	99.5
1005441.3	99.64
1005442.3	99.22
1005450.3	99.64
1005452.3	99.93
1005455.3	99.24
1005460.3	99.49
1005461.3	99.64
1005462.3	99.45
1005463.3	99.54
1005464.3	99.45
1005466.3	99.93
1005470.3	99.64
1005471.3	99.64
1005472.3	99.64
1005473.3	99.64
1005474.3	99.64
1005475.3	99.64
1005476.3	99.64
1005477.3	99.64
1005478.3	99.93
1005479.3	99.59
1005480.3	99.64
1005481.3	99.64
1005482.3	99.93
1005483.3	99.56
1005484.3	99.93
1005485.3	99.64
1005486.3	99.64
1005487.3	99.54
1005488.3	99.93
1005489.3	99.64
1005490.3	99.64
1005491.3	99.64
1005492.3	99.54
1005493.3	99.54
1005494.3	99.64
1005495.3	99.64
1005496.3	99.64
1005497.3	99.93
1005498.3	99.64
1005500.3	99.93
1005501.3	99.64
1005502.3	99.64
1005503.3	99.64
1005504.3	99.64
1005505.3	99.54
1005506.3	99.64
1005507.3	99.54
1005508.3	99.64
1005509.3	99.64
1005510.3	99.64
1005511.3	99.64
1005512.3	99.85
1005514.4	99.64
1005515.3	99.64
1005516.3	99.44
1005517.3	99.64
1005518.3	99.34
1005519.3	99.54
1005520.3	99.64
1005521.3	99.58
1005522.3	99.64
1005523.3	99.93
1005524.3	99.93
1005526.3	99.59
1005527.3	99.64
1005528.3	99.64
1005529.3	99.93
1005530.3	99.9
1005531.3	99.93
1005532.3	99.54
1005533.3	99.54
1005534.3	99.93
1005535.3	99.93
1005536.3	99.54
1005537.3	99.54
1005538.3	99.54
1005539.3	99.54
1005540.3	99.93
1005541.3	99.93
1005542.3	99.93
1005543.3	99.93
1005544.3	99.93
1005545.3	99.93
1005546.3	99.93
1005547.3	99.93
1005548.3	99.64
1005549.3	99.64
1005550.3	99.59
1005551.3	99.64
1005552.4	99.64
1005553.3	99.64
1005554.3	99.64
1005555.3	99.64
1005557.3	99.64
1005558.3	99.88
1005559.3	99.64
1005560.4	99.59
1005561.3	99.64
1005562.3	99.93
1005563.3	99.93
1005564.3	99.93
1005565.3	99.46
1005566.3	99.93
1009714.6	99.57
102608.4	99.42
1028802.3	82.11
1028803.3	93.69
1028804.3	98.69
1028805.3	85.8
1028806.3	99.43
1030009.3	99.45
1032488.3	99.75
1033813.3	98.89
1035116.3	98.45
1035117.3	97.57
1035188.3	97.5
1035194.3	99.01
1035839.4	99.61
103796.33	99.78
1038844.18	99.48
1038927.5	99.79
1040638.5	98.25
1042804.3	99.44
1045010.15	99.59
1046599.3	95.9
1046629.4	99.79
1048208.3	99.4
1048254.3	99.48
1048256.3	99.48
1048264.3	99.85
1048265.3	99.43
1048266.3	99.43
1048334.3	99.48
1048689.4	99.93
1048765.4	96.67
1049565.4	98.62
1050617.5	99.86
1051005.3	98.81
1051346.3	98.33
1051348.3	99.59
1051349.3	99.64
1051351.3	99.34
1051352.3	99.87
1051645.3	99.42
1051646.9	99.24
1051656.3	98.91
1051657.3	99.28
1053196.3	98.61
1053197.3	98.97
1053200.3	98.61
1053208.3	98.61
1053215.3	98.3
1053220.3	99.24
1068614.3	99.48
1068615.3	99.48
1068616.3	99.48
1068617.3	99.48
1068618.3	99.48
1068619.3	99.48
1068620.3	99.48
1068621.3	99.48
1069495.4	99.4
1072459.4	99.93
1074454.6	94.29
1075089.3	99.32
1078029.12	99.47
1078030.10	99.52
1078031.3	99.26
1078033.4	99.34
1078035.4	99.65
1081887.3	99.64
1081888.3	99.64
1081889.3	99.93
1081891.3	96.06
1081892.3	99.49
1081893.3	99.64
1081894.3	99.64
1081895.3	99.64
1081896.3	99.93
108619.33	99.96
1088888.3	98.61
1089444.22	99.66
1089447.4	99.58
1090927.4	99.48
1090928.3	96.62
1090929.3	99.86
1090930.3	99.93
1094508.3	99.52
1095745.3	99.77
1095746.3	99.89
109790.33	98.83
1101440.4	99.11
1104681.3	99.3
1105330.3	99.64
1115511.3	97.96
1115807.3	99.54
1115812.3	99.71
1115814.3	99.3
1115821.3	98.95
1115828.3	99.71
1115830.3	99.24
1115997.3	99.15
1115998.3	99.15
1116000.3	99
1116001.3	99.72
1116002.3	99.27
1116003.3	99.41
1116004.3	99.09
1116006.3	98.43
1116007.3	99.19
1116008.3	98.84
1116009.3	98.25
1116010.3	98.73
1116011.3	99.52
1116012.3	98.64
1116013.3	98.49
1116014.3	99.09
1116016.3	99.18
1116018.3	99.31
1116019.3	98.64
1116020.3	99.07
1116021.3	99.13
1116022.3	98.74
1116023.3	98.96
1116024.3	99.93
1116025.3	99.4
1116026.3	99.62
1116027.3	99.21
1116028.3	98.84
1116029.3	98.42
1116030.3	98.8
1116031.3	98.87
1116032.3	98.75
1116033.3	97.05
1116034.3	99.31
1116035.3	99.06
1116036.3	99.45
1116037.3	99.36
1116038.3	99.77
1116039.3	97.73
1116040.3	99.36
1116041.3	99.46
1116042.3	99.7
1116043.3	99.39
1116044.3	99.36
1116045.3	99.52
1116046.3	99.77
1116047.3	99.84
1116048.3	99.32
1116049.3	99.13
1116050.3	99.41
1116051.3	99.26
1116052.3	99.04
1116053.3	99.43
1116054.3	99.36
1116055.3	99.39
1116056.3	99.1
1116057.3	99.27
1116058.3	98.15
1116059.3	99.27
1116060.3	98.93
1116061.3	98.96
1116062.3	98.96
1116063.3	99.22
1116064.3	99.27
1116065.3	99.22
1116066.3	99.53
1116067.3	99.43
1116068.3	99.29
1116069.3	99.27
1116070.3	98.9
1116071.3	98.79
1116072.3	99.07
1116073.3	99.24
1116074.3	98.91
1116075.3	98.25
1116076.3	99.17
1116077.3	99.13
1116078.3	99.07
1116079.3	99.21
1116080.3	98.82
1116081.3	99.41
1116082.3	98.82
1116083.3	99.02
1116084.3	99.14
1116085.3	99.05
1116086.3	99.44
1116087.3	99.41
1116088.3	99.31
1116089.3	99.15
1116090.3	99.15
1116091.3	99.15
1116092.3	98.54
1116093.3	98.9
1116094.3	98.93
1116095.3	98.91
1116096.3	98.92
1116097.3	99.17
1116098.3	98.91
1116099.3	98.7
1116100.3	98.7
1116101.3	99.28
1116102.3	98.22
1116103.3	99.73
1116104.3	99.07
1116105.3	99.29
1116106.3	98.89
1116108.3	99.53
1116109.3	98.6
1116110.3	99.27
1116111.3	98.88
1116112.3	99.09
1116113.3	96
1116115.3	98.55
1116116.3	98.5
1116117.3	96.09
1116118.3	99.26
1116119.3	99.53
1116120.3	99.31
1116122.3	99.28
1116123.3	99.78
1116124.3	99.3
1116125.3	98.97
1116126.3	99.66
1116127.3	99.01
1116128.3	98.98
1116129.3	99.52
1116130.3	99.21
1116131.3	99.33
1116132.3	99.07
1116133.3	99.37
1116134.3	99.1
1116135.3	99.44
1116137.3	99.27
1116138.3	98.82
1116139.3	99.09
1116140.3	99.31
1116141.3	99.93
1116142.3	99.56
1116143.3	99.24
1116144.3	99.78
1116145.3	99.53
1116146.3	99.86
1116147.3	99.86
1116148.3	99.26
1116149.3	99.83
1116150.3	99.73
1116151.3	99.23
1116152.3	99.41
1116163.3	99.3
1116164.3	99.19
1116165.3	99.36
1116166.3	98.76
1116167.3	97.74
1116168.3	99.31
1116169.3	99.09
1116170.3	99.3
1116171.3	99.15
1116172.3	99.67
1116173.3	99.18
1116174.3	99.36
1116175.3	99.3
1116176.3	99.65
1116177.3	99.38
1116178.3	99.22
1116179.3	98.92
1116180.3	98.74
1116181.3	99.29
1116182.3	99.54
1116183.3	98.4
1116184.3	99.38
1116185.3	99.3
1116186.3	98.61
1116187.3	98.24
1116188.3	99.39
1116189.3	99.34
1116190.3	99.25
1116191.3	99.13
1116193.3	99.41
1116194.3	99.41
1116471.3	99.27
1117316.3	99.83
1117322.9	98.78
1120931.3	99.58
1122936.3	99.55
1123494.3	99.64
1124984.3	99.1
1124985.3	99.93
1124986.3	99.41
1124987.3	99.66
1124988.3	99.53
1124989.3	99.93
1125634.3	99.38
1125635.3	99.43
1125636.3	99.28
1125637.3	98.34
1125638.3	98.69
1125639.3	99.65
1125640.3	99.58
1125641.3	98.94
1125642.3	99.53
1125643.3	98.78
1125644.3	99.41
1125645.3	98.95
1125646.3	99.28
1125647.3	98.73
1125652.3	98.79
1125697.3	98.38
1125976.4	98.95
1126888.3	99.93
1126889.3	99.83
1126891.3	99.93
1126892.3	99.91
1126896.3	99.52
1126897.3	99.14
1126898.3	99.93
1126899.3	99.64
1126900.3	99.44
1126901.3	99.76
1126903.3	99.39
1126904.3	99.67
1126905.3	99.33
1126906.3	99.46
1126907.3	99.77
1126909.3	99.89
1126911.3	99.87
1126912.3	99.39
1126913.3	99.75
1126915.3	99.38
1126917.3	99.93
1126918.3	99.39
1126919.3	99.6
1126921.3	99.78
1126923.3	99.82
1126925.3	99.39
1126926.3	99.76
1126927.3	99.52
1126928.3	99.39
1126929.3	99.43
1126931.3	99.89
1126933.3	99.83
1126934.3	99.9
1126935.3	99.3
1126936.3	99.93
1127123.3	99.37
1127124.3	99.39
1127125.3	98.28
1127356.4	99.23
1133852.3	99.48
1133853.3	99.48
1134453.3	98.77
1134782.3	98.9
1136137.3	99.44
1136218.3	99.48
1138429.3	99.35
1144302.3	99.51
1144303.3	99.63
1151186.3	98.97
1151188.3	99.07
1151189.3	98.97
1151200.3	99.63
1151209.3	98.97
1151210.3	99.34
1151211.3	98.97
1151212.3	98.97
1151213.3	99.64
1151214.3	99.93
1151215.3	99.54
1151216.3	99.54
1151217.3	99.54
1151218.3	99.54
1151219.3	99.54
1151220.3	99.54
1151221.3	99.73
1151222.3	99.83
1151224.3	99.64
1151225.3	99.64
1151226.3	99.64
1151227.3	99.64
1151228.3	99.64
1151231.3	99.54
1151232.3	99.54
1151233.3	99.93
1151234.3	99.93
1151235.3	99.54
1151236.3	99.54
1151238.3	99.64
1151239.3	99.64
1151240.3	99.64
1151241.3	99.64
1151242.3	99.64
1151243.3	99.93
1151244.3	99.64
1151246.3	99.93
1151247.3	99.93
1151248.3	99.93
1151249.3	99.54
1151250.3	99.54
1151251.3	99.54
1151252.5	81.03
1151253.5	98.1
1151254.5	97.55
1151255.5	99.03
1151256.5	99.01
1151257.5	98.81
1151258.5	99.04
1151260.4	99.14
1151261.4	98.81
1151262.4	96.45
1151264.4	98.85
1151265.4	99.08
1151266.4	99.13
1151267.4	97.97
1151268.4	98.98
1151269.4	99.09
1151271.4	98.94
1151272.4	98.16
1151273.4	97
1151274.4	97.34
1151275.4	98.37
1151276.4	98.94
1151277.4	99.03
1151278.4	98.92
1151280.4	98.94
1151281.4	98.78
1151282.4	97.89
1151283.4	98.72
1151284.4	81.03
1151286.4	98.89
1151287.4	98.05
1151288.4	98.58
1151289.4	98.71
1151290.4	98.98
1151291.4	98.09
1151292.4	98.58
1151293.4	98.41
1151294.4	99.14
1151295.3	98.61
1151296.4	97.67
1151298.4	98.95
1151300.4	82.76
1151301.4	98.9
1151303.4	98.86
1151304.4	99.15
1151305.4	98.9
1151308.3	98.61
1151309.3	97.18
1151310.3	94.69
1151312.3	82.93
1151316.3	95.87
1151317.4	98.76
1151318.4	98.59
1151319.4	99.06
1151320.4	98.81
1151321.4	98.71
1151323.4	95.35
1151324.3	98.86
1151325.4	98.86
1151326.4	98.89
1151327.4	98.78
1151328.4	98.95
1151329.4	98.51
1151330.4	97.14
1151332.4	98.99
1151333.4	98.95
1151334.4	94.58
1151336.4	99.03
1151337.4	99.11
1151338.4	98.74
1151339.4	98.64
1151340.4	82.76
1151341.4	99.14
1151342.4	99.14
1151343.4	99.14
1151344.4	99.14
1151345.4	98.39
1151346.4	99.14
1151347.4	98.04
1151348.4	98.95
1151349.4	99.1
1151350.4	98.29
1151352.4	99.09
1151353.4	98.49
1151354.4	98.87
1151355.3	93.77
1151356.4	99.14
1151358.4	98.95
1151360.4	99.14
1151362.4	97.32
1151363.4	99.14
1151364.4	99.14
1151366.4	99.11
1151367.4	97.51
1151368.4	98.93
1151373.4	98.96
1151374.4	98.81
1151375.4	98.93
1151376.4	98.93
1151377.4	97.68
1151378.4	98.93
1151380.4	82.76
1151381.4	82.76
1151382.4	99.14
1151383.4	99.09
1151384.4	98.7
1151385.4	99.11
1151386.4	96.12
1151387.4	98.93
1151388.4	99.14
1151389.4	99.07
1151390.4	98.95
1151392.4	99.08
1151394.4	97.81
1151395.4	98.24
1151396.4	99.12
1151398.4	81.03
1151399.4	98.3
1151400.4	98.35
1151401.4	98.31
1151402.4	98.98
1151403.4	98.93
1151404.4	99.14
1151405.4	98.81
1151406.4	99.02
1151407.4	99.14
1151408.4	99.09
1151409.4	99.09
1151411.4	98.78
1151412.4	99.07
1151413.4	99.14
1151414.4	99.09
1151415.3	99.14
1151416.4	99.02
1151417.3	99.14
1151418.4	98.9
1151419.3	98.85
1151420.4	99.12
1151421.4	99.14
1151422.4	98.98
1151423.4	98.78
1151424.4	98.97
1151425.4	99.14
1151426.4	98.39
1151427.3	98.97
1151428.4	99.01
1151429.4	98.95
1151430.4	99.09
1151431.3	98.72
1151432.3	98.98
1151433.4	99.14
1151434.4	99.14
1151435.4	99.14
1151436.4	99.06
1151437.4	99.14
1151438.4	99.06
1151439.4	99.14
1151440.4	98.98
1155134.3	99.45
115711.10	99.49
1157342.3	98.97
1157343.3	98.97
1157344.3	99.34
1157345.3	99.34
1157346.3	98.97
1157347.3	98.97
1157348.3	98.97
1157349.3	98.97
1157350.3	98.97
1157351.3	98.97
1157352.3	98.97
1157353.3	98.97
1157355.3	98.97
1157356.3	99.34
1157357.3	98.97
1157358.3	98.41
1157359.3	98.97
1157360.3	98.97
1157361.3	98.97
1157362.3	98.97
1157363.3	98.59
1157364.3	98.97
1157365.3	99.34
1157366.3	99.34
1157367.3	98.97
1157378.3	99.34
1157379.3	99.34
1157380.3	98.97
1157381.3	98.97
1157383.3	99.34
1157384.3	98.97
1157385.3	98.97
1157386.3	98.97
1157387.3	98.97
1157388.3	98.59
1157389.3	98.59
1157390.3	99.34
1157391.3	99.34
1157392.3	98.97
1157393.3	98.97
1157394.3	98.97
1157395.3	98.97
1157396.3	98.97
1157397.3	98.97
1157399.3	98.97
1157400.3	98.97
1157401.3	98.97
1157402.3	98.97
1157403.3	98.97
1157404.3	98.97
1157405.3	98.97
1157406.3	98.97
1157407.3	98.97
1157408.3	98.97
1157409.3	98.97
1157410.3	98.97
1157411.3	98.97
1157412.3	98.97
1158622.3	99.44
1158623.3	99.22
1158625.3	99.44
1158626.3	99.63
1158627.3	99.63
1158632.3	98.97
1158637.3	99.06
1158653.6	98.97
1158655.3	99.34
1158658.3	99.63
1158660.3	99.63
1158661.3	99.63
1160283.3	98.54
1163391.3	97.39
1163393.3	97.98
1163395.4	99.57
1163738.3	99.25
1165939.3	98.95
1165940.3	99.44
1165941.3	99.29
1165942.3	99.5
1165943.3	99.52
1165944.3	99.05
1165945.3	99.28
1165947.3	98.56
1165949.3	99.41
1165950.3	99.59
1165951.3	99.25
1165952.3	99.59
1165953.3	99.26
1167008.3	96.78
1167009.3	98.76
1167010.3	99.89
1169205.3	98.51
1169251.3	99.07
1169252.3	98.94
1169254.3	99.63
1169280.3	98.94
1169281.3	99.51
1169282.3	99.63
1169283.3	99.63
1169286.3	99.63
1169288.3	99.63
1169300.3	99.26
1169304.3	99.24
1169305.3	99.44
1169307.3	98.88
1169314.3	98.97
1169315.3	99.88
1169316.3	99.58
1169317.3	99.58
1169318.3	99.83
1169320.3	98.86
1169321.3	99.87
1169323.3	99.88
1169324.3	99.88
1169325.3	99.58
1169326.3	99.58
1169327.3	99.64
1169329.3	99.69
1169332.3	99.52
1169333.3	99.8
1169339.3	99.93
1169340.3	99.93
1169341.3	99.58
1169342.3	99.93
1169343.3	99.93
1169344.3	99.93
1169346.3	98.98
1169348.3	99.93
1169352.3	98.86
1169353.3	99.87
1169354.3	99.15
1169355.3	99.15
1169356.3	99.86
1169361.3	99.86
1169362.3	99.64
1169363.3	99.88
1169364.3	99.85
1169369.3	99.32
1169371.3	99.89
1169376.3	99.88
1169377.3	99.89
1169379.3	99.64
1169380.3	99.88
1169382.3	99.93
1169384.3	99.88
1169387.3	99.93
1169391.3	99.56
1169392.3	99.93
1169394.3	99.58
1169396.3	99.48
1169399.3	99.85
1169401.3	99.74
1169402.3	99.85
1169403.3	99.28
1169404.3	99.77
1169663.3	99.48
1169671.3	81.42
1169674.3	96.04
1169675.3	86.73
1169862.3	99.64
1169863.3	98.22
1172203.3	98.48
1178537.6	99.38
1181727.3	99.88
1181728.3	99.85
1181732.3	98.93
1181734.3	99.89
1181739.3	99.88
1181740.3	99.89
1181742.3	99.62
1181744.3	99.64
1181745.3	99.93
1181746.3	99.88
1181747.3	99.89
1181748.3	99.93
1181751.3	99.88
1181755.3	99.93
1181759.3	99.33
1181760.3	99.89
1181762.3	99.53
1181763.3	99.93
1181765.3	99.58
1181767.3	99.38
1181770.3	99.85
1181771.3	99.88
1181773.3	99.74
1181774.3	99.85
1181775.3	99.28
1181776.3	99.82
1181778.3	98.42
1181779.3	99.59
1181780.3	99.93
1181781.3	99.93
1181782.3	99.58
1182653.3	99.64
1182654.3	99.73
1182655.3	99.52
1182656.3	99.64
1182657.3	99.93
1182658.3	99.6
1182660.3	99.7
1182662.3	99.89
1182664.3	99.93
1182665.3	99.52
1182666.3	99.58
1182667.3	99.33
1182669.3	99.58
1182670.3	99.93
1182672.3	99.58
1182673.3	99.93
1182675.3	99.53
1182676.3	99.41
1182677.3	99.41
1182678.3	99.33
1182679.3	99.85
1182681.3	99.17
1182682.3	99.93
1182683.3	99.58
1182687.3	99.88
1182689.3	99.88
1182696.3	99.89
1182697.3	99.96
1182700.3	99.86
1182701.3	99.61
1182703.3	99.28
1182708.3	99.59
1182709.3	99.58
1182710.3	99.86
1182711.3	99.93
1182712.3	99.58
1182713.3	99.48
1182715.3	99.9
1182716.3	99.93
1182720.3	99.33
1182722.4	99.49
1182723.3	98.34
1182733.3	99.93
1182734.3	99.6
1182736.3	99.85
1182737.3	99.88
1182738.3	99.75
1183378.4	99.61
1183379.4	98.92
1183380.4	99.29
1188257.3	94.52
1195244.3	100
1195464.3	99.32
119602.74	99.82
1198133.3	95.21
1198538.3	98.05
1201032.3	99.23
1203545.3	99.09
1206105.3	99.25
1207035.3	99.64
1207037.3	99.83
1207038.3	99.64
1213458.3	99.85
1214166.3	100
1214224.3	99.85
1215063.3	99
1215065.3	97.99
1215068.3	98.43
1215071.3	99.11
1215072.3	99.14
1215073.3	99.09
1215086.3	98.76
1217737.3	98.45
1218173.3	94.26
1218315.3	92.07
1219.26	87.11
1219061.25	99.7
1219064.3	98.5
1219076.12	99.8
1219077.9	98.86
1219375.3	98.71
1220595.3	98.31
1223501.3	99.41
1223568.7	99.24
1224142.3	99.86
1224742.7	99.73
1225780.3	99.17
1225781.3	99.82
1226343.12	95.34
1227814.3	99.76
1229202.3	94.06
1232150.3	99.59
1232151.3	99.51
1232154.3	99.54
1232192.4	98.81
1232193.4	99.14
1232194.4	99.14
1232195.4	99.14
1232196.4	99.14
1232197.3	98.91
1234142.5	99.45
1236102.6	95.18
1236522.3	97.92
1236524.3	98.3
1240385.3	99.64
1240758.3	99.52
1240759.3	99.48
1240760.3	99.26
1240761.3	99.48
1240762.3	99.48
1240763.3	99.48
1240764.3	99.48
1240765.3	99.48
1240766.3	99.48
1240767.3	99.48
1240768.3	99.48
1240769.3	99.48
1240770.3	99.48
1240771.3	99.48
1240772.3	99.48
1240773.3	99.48
1240774.3	99.48
1240775.3	99.48
1240776.3	99.48
1240777.3	99.48
1240778.3	99.48
1240779.3	99.48
1241935.4	99.4
1242865.3	99.14
1244144.4	99.63
1244152.4	98.27
1244528.3	99.69
1245.34	99.4
1247.149	98.66
1248411.3	94.4
1248823.7	99.51
1248902.3	99.51
1248903.6	99.03
1248915.3	99.03
1249526.3	99.01
1249531.3	99.35
1255374.3	99.89
1261125.3	94.17
1261126.6	98.44
1263864.3	99.44
1263871.3	98.78
1268061.3	99.74
1268668.3	99.45
1268975.3	99.5
1268976.3	99.93
1268977.3	99.41
1268978.3	99.42
1268979.3	99.52
1268981.3	99.6
1268983.3	99.64
1268984.3	99.29
1268986.3	99.85
1268987.3	99.88
1268988.3	99.43
1268989.3	99.88
1268990.3	99.89
1268991.3	99.2
1268992.3	99.88
1268993.3	99.88
1268994.3	99.61
1269000.3	99.69
1269001.3	99.61
1269002.3	99.49
1269003.3	99.19
1269004.3	99.34
1269005.3	99.64
1269007.3	99.33
1269009.3	99.88
1269010.3	99.93
1273173.3	99.15
1273540.4	99.18
1274374.4	97.14
1275968.3	90.44
1276652.3	99.88
1278971.3	98.09
1279005.3	99.88
1279007.3	98.6
127906.63	99.97
1280.8239	99.94
1280956.3	99.58
1280957.3	99.89
1280958.3	99.39
1280960.3	99.58
1280962.3	99.89
1280965.3	99.64
1280966.3	99.89
1280967.3	99.93
1280970.3	99.48
1280975.3	99.57
1280976.3	99.88
1280977.3	99.93
1280978.3	99.89
1280980.3	99.83
1280981.3	99.58
1280982.3	99.89
1280983.3	99.58
1280984.3	99.35
1280985.3	99.58
1280986.3	99.37
1280987.3	99.93
1280990.3	99.89
1280991.3	99.93
1280992.3	99.59
1280993.3	99.45
1280994.3	99.93
1280995.3	99.88
1280997.3	99.58
1280999.3	99.86
1281000.3	99.64
1281002.3	99.79
1281004.3	99.85
1281005.3	99.64
1281006.3	99.89
1281008.3	99.93
1281009.3	99.93
1281011.3	99.93
1281012.3	99.28
1281013.3	99.59
1281014.3	99.58
1281015.3	96.78
1281017.3	99.6
1281018.3	99.74
1281019.3	99.32
1281020.3	99.89
1281021.3	99.64
1281023.3	98.7
1281024.3	99.45
1281026.3	99.89
1281027.3	99.64
1281028.3	99.03
1281029.3	99.89
1281031.3	99.59
1281032.3	99.89
1281038.3	99.5
1281039.3	99.89
1281040.3	99.28
1281043.3	99.89
1281044.3	99.87
1281045.3	99.74
1281048.3	99.9
1281049.3	99.88
1281050.3	99.93
1281051.3	99.93
1281052.3	99.93
1281053.3	99.89
1281054.3	99.89
1281055.3	99.58
1281057.3	99.89
1281058.3	99.41
1281059.3	99.88
1281061.3	99.73
1281062.3	99.64
1281063.3	99.89
1281064.3	99.59
1281065.3	99.89
1281067.3	99.88
1281069.3	99.93
1281070.3	99.58
1281072.3	99.04
1281075.3	98.1
1281077.3	99.89
1281078.3	99.88
1281079.3	99.64
1281081.3	99.64
1281082.3	99.93
1281083.3	99.32
1281085.3	99.93
1281087.3	99.64
1281089.3	99.89
1281090.3	99.89
1281091.3	99.93
1281092.3	99.89
1281093.3	99.85
1281094.3	99.59
1281098.3	99.88
1281099.3	99.89
1281100.3	99.58
1281101.3	99.77
1281102.3	99.89
1281104.3	99.8
1281105.3	99.64
1281107.3	99.58
1281108.3	99.64
1281109.3	99.63
1281110.3	99.88
1281111.3	99.5
1281112.3	99.9
1281113.3	99.64
1281114.3	94.54
1281115.3	99.74
1281116.3	99.59
1281118.3	99.58
1281119.3	99.58
1281121.3	99.93
1281123.3	99.74
1281125.3	99.93
1281126.3	99.58
1281128.3	99.58
1281129.3	99.59
1281130.3	99.58
1281132.3	99.64
1281133.3	99.88
1281135.3	99.88
1281137.3	99.58
1281138.3	99.58
1281139.3	99.89
1281140.3	99.53
1281141.3	99.58
1281143.3	99.86
1281144.3	99.58
1281145.3	99.74
1281146.3	99.41
1281147.4	99.3
1281148.3	99.64
1281149.3	99.88
1281150.3	99.59
1281151.3	99.89
1281155.3	99.35
1281157.3	99.64
1281159.3	99.93
1281164.3	99.85
1281166.3	99.88
1281167.3	99.93
1281170.3	99.93
1281173.3	99.89
1281175.3	99.58
1281176.3	99.64
1281179.3	99.93
1281181.3	99.89
1281183.3	99.93
1281186.3	99.85
1281187.3	99.58
1281189.3	99.93
1281190.3	99.64
1281199.3	99.89
1281200.3	99.58
1281202.3	99.29
1281203.3	99.89
1281204.3	99.64
1281205.3	99.89
1281206.3	99.83
1281208.3	99.93
1281209.3	99.89
1281210.3	99.77
1281214.3	99.76
1281215.3	99.58
1281216.3	99.58
1281217.3	99.93
1281218.3	99.6
1281219.3	99.88
1281220.3	99.63
1281222.3	99.89
1281224.3	99.89
1281226.3	99.89
1281230.3	99.89
1281231.3	99.89
1281232.3	99.89
1281233.3	99.9
1281234.3	99.9
1281235.3	99.48
1281236.3	99.89
1281237.3	99.77
1281238.3	99.64
1281241.3	99.58
1281242.3	99.96
1281244.3	99.89
1281245.3	99.93
1281246.3	99.89
1281250.3	99.78
1281251.3	99.89
1281253.3	99.93
1281254.3	99.93
1281256.3	99.28
1281258.3	99.85
1281259.3	99.55
1281262.3	98.4
1281264.3	99.89
1281265.3	99.58
1281268.3	99.89
1281272.3	99.86
1281274.3	99.58
1281275.3	99.93
1282.532	99.81
1282357.3	99.41
1282358.3	99.37
1283.71	99.81
1283285.4	99.9
1283293.3	99.61
1284788.3	99.98
1284789.4	99.98
1284790.3	99.98
1284791.4	99.98
1284800.4	99.98
1284802.4	99.98
1284804.4	99.98
1284807.4	99.98
1284808.4	99.98
1284810.3	99.98
1284811.3	99.98
1284813.3	99.98
1284814.3	99.94
1284815.3	99.98
1284816.3	99.98
1284821.3	99.98
1284823.3	99.98
1284826.3	99.98
1284827.3	99.98
1284828.3	99.98
1284829.3	99.98
1284830.3	99.98
1284832.3	99.98
1284833.4	99.5
1284834.3	99.51
1285581.3	99.5
1287066.3	99.44
1288.60	98.61
1288294.3	99.45
1288295.3	99.45
1288296.3	99.45
1290.54	99.38
1290392.3	99.31
1290393.3	99.55
1290996.3	99.83
1293289.3	98.94
1294138.3	99.98
1294139.3	99.58
1294141.3	99.98
1295140.4	99.67
1298599.4	95.47
1302.33	99.88
1303.73	99.67
1304916.4	99.98
1304917.4	99.68
1304918.4	99.97
1304919.4	99.83
1304920.3	99.98
1304921.4	99.98
1304922.3	99.68
1304924.3	99.68
1306165.3	99.08
1307.427	99.99
1308.90	99.74
1309.85	99.88
1310158.5	99.98
1310162.3	99.62
1311.431	99.97
1311760.4	99.35
1313.6806	99.69
1314.164	99.93
1314835.3	99.72
1315312.289	97.63
1315313.17	88.95
1315314.5	98.12
1315978.3	96.51
1316923.3	97.12
1316932.3	99.35
1316935.3	99.36
1317130.3	99.83
1320322.3	99.44
1322346.3	97.9
1324966.3	89.91
1324967.4	99.23
1327986.3	99.41
1328365.3	99.81
1328367.3	99.98
1328369.3	99.98
1328377.3	99.98
1328379.3	99.83
1328381.3	85.68
1328383.3	99.98
1328386.3	99.98
1328387.3	99.98
1328389.3	99.98
1328398.3	99.98
1328399.3	99.98
1328400.3	85.14
1328401.3	99.98
1328402.3	99.98
1328403.3	99.98
1328404.3	99.68
1328406.3	99.98
1328407.3	90.46
1328408.3	99.98
1328409.3	99.98
1328410.3	98.52
1328411.3	98.79
1328412.3	99.98
1328413.3	99.98
1328414.3	99.98
1328421.3	99.68
1328423.3	99.98
1328433.3	99.06
1328434.3	99.58
1328435.3	99.06
1328436.3	99.2
1328437.3	99.2
1328438.3	99.2
1328440.3	99.14
1328441.3	99.2
1328442.3	99.2
1328443.3	99.2
1328444.3	99.2
1328445.3	99.2
1328446.3	99.06
1328447.3	99.06
1328449.3	99.6
1328859.4	99.61
1329811.3	99.15
1329814.3	99.65
1329818.3	99.65
1329819.3	86.2
1329830.3	99.5
1329832.3	98.99
1329835.3	99.39
1329839.3	99.37
1329844.4	99.27
1329846.6	99.63
1329853.3	99.36
1329854.3	99.65
1329855.3	99.24
1329856.3	96.9
1329902.3	98.78
1329903.3	99.02
1329904.3	99.35
1331061.3	98.15
1331062.3	98.79
1331063.3	96.2
1331064.3	99.15
1331065.3	99.24
1333535.3	98.93
1333536.3	98.69
1333855.3	97.29
1334187.3	98.22
1335303.3	98.76
1335304.3	97.37
1336.5	99.24
1336752.4	91.03
1336753.3	92.42
1337385.3	85.21
1337888.4	99.4
1337997.4	99.37
1339240.3	99.29
1339263.3	99.49
1339265.3	99.57
1343071.3	99.86
1343836.3	99.64
1348.9	99.99
1348393.3	99.49
1348582.3	98.63
1348583.3	99.29
1348584.3	91.7
1348585.3	99.29
1350470.3	99.51
1351.503	99.63
1352.803	99.63
1352943.3	94.63
1353980.3	99.93
1355100.3	99.62
1357994.3	99.23
1358.50	99.62
1358410.3	99.25
1359.37	99.81
1360.110	99.81
1363.37	99.81
1365653.3	99.4
1365654.3	98.55
1365655.3	99.23
1365656.3	98.64
1365657.3	99.42
1365659.3	99.4
1365660.3	99.23
1365661.3	99.37
1367443.3	99.37
13689.9	98.53
1370107.3	98.99
137591.27	98.77
1381117.3	97.14
1387197.3	96.8
1389418.3	99
1389419.3	99.08
1389420.3	99.08
1389423.3	99.64
1389424.3	99.34
1390076.3	99.44
1390078.3	99.85
1390081.3	99.85
1390084.3	99.77
1391469.3	98.53
1391486.3	99.26
1391487.3	99.63
1391497.3	98.97
1392.63	99.21
1396.149	99.4
1397108.6	98.94
1399771.3	99.12
1399772.3	99.12
1400147.3	98.81
1400148.3	98.81
1400156.3	98.97
1400157.3	98.97
1400158.3	99.58
1400159.3	99.58
1400160.3	98.33
1400161.3	98.33
1400162.3	99.98
1400172.3	99.38
1400175.3	99.98
1400177.3	98.98
1400178.3	99.98
1400180.3	99.46
1400181.3	99.46
1400182.3	99.98
1400184.3	99.83
1400185.3	99.83
1401259.3	99.73
1401327.3	99.48
1402490.3	99.54
1402493.3	99.57
1402496.3	99.53
1402501.3	99.52
1402502.3	99.53
1402504.3	99.57
1402512.3	99.57
1402514.3	99.57
1402515.3	99.57
1402521.3	99.57
1402522.3	99.53
1402527.3	99.53
1402528.3	97.88
1402532.3	99.57
1402536.3	99.2
1402537.3	99.19
1402542.3	99.54
1402545.3	98.9
1402549.3	98.54
1402550.3	99.49
1402551.3	99.57
1402553.3	97.46
1402557.3	99.53
1402558.3	99.57
1402560.3	99.54
1402564.3	98.54
1402578.3	99.5
1402579.3	98.92
1402580.3	99
1402680.3	99.26
1403329.3	99.45
1403330.3	98.63
1404.43	99.4
1405292.3	99.88
1405293.3	95.22
1405294.3	99.34
1405295.3	99.26
1406857.3	99.4
1407059.3	96.95
1408.99	99.59
1408178.4	99.74
1408193.3	97.38
1408271.3	99.01
1408272.3	99.23
1408273.3	99.23
1408274.3	99.17
1408275.3	97.93
1408276.3	99.17
1408277.3	99.17
1409.8	99.69
1411645.3	98.77
1411692.3	99.58
1411693.3	99.64
1411695.3	99.52
1411696.3	99.15
1411697.3	99.13
1411700.4	98.14
1411701.3	99.08
1412816.3	99.63
1412817.3	99.63
1412818.3	99.26
1412819.3	99.83
1412820.3	99.74
1412821.3	99.57
1412822.3	99.84
1412823.3	99.01
1412824.3	99.28
1412825.3	99.05
1412826.3	99.81
1412827.3	99.2
1412828.3	99.59
1412831.3	97.65
1412836.3	99.87
1412838.3	99.41
1412896.3	99.17
1412897.3	99.03
1414586.3	97.09
1415160.3	97.7
1415161.3	97.93
1415163.3	96.57
1417796.3	99.93
1417985.4	97.8
1418245.3	99.57
1420012.3	98.79
1423.355	99.69
1423816.3	97.14
1424337.3	99.07
1428.400	99.3
1430.6	95.62
1432548.3	99.19
1432549.3	98.99
1432551.3	98.49
1432555.3	97.07
1432559.3	97.52
1433131.3	97.95
1434267.3	98.4
1437068.3	99.01
1437818.3	99.33
1437838.3	98.63
1437872.3	98.79
1438668.3	99.06
1438670.3	99.06
1438671.3	99.64
1438672.3	99.06
1438673.3	99.58
1438674.3	99.64
1438675.3	98.92
1438676.3	99.58
1438677.3	98.98
1438679.3	99.67
1438680.3	99.64
1438682.3	99.61
1438683.3	99.61
1438684.3	99.64
1438686.3	99.34
1438687.3	99.19
1438688.3	99.88
1438689.3	99.64
1438695.3	99.59
1438697.3	99.68
1438699.3	99.68
1438701.3	99.68
1438703.3	99.8
1438705.3	98.99
1438708.3	99.98
1438709.3	99.98
1438711.3	99.98
1438712.3	99.98
1438713.3	99.98
1438714.3	99.98
1438717.3	99.68
1438718.3	99.98
1438720.3	99.98
1438723.3	99.38
1438724.3	99.98
1438725.3	99.98
1438726.3	99.09
1438728.3	99.98
1438729.3	99.98
1438731.3	99.98
1438732.3	99.98
1438733.3	99.98
1438734.3	99.98
1438735.3	99.38
1438736.3	99.98
1438737.3	99.98
1438738.3	99.98
1438739.3	99.98
1438740.3	99.98
1438742.3	99.98
1438743.3	99.98
1438744.3	99.98
1438745.3	99.98
1438746.3	99.94
1438747.3	99.98
1438750.3	99.98
1438751.3	99.98
1438752.3	99.98
1438755.3	99.98
1438756.3	99.98
1438757.3	99.34
1438758.3	99.98
1438759.3	99.98
1438760.3	99.98
1438762.3	99.98
1438763.3	99.98
1438764.3	98.49
1438765.3	97.9
1438766.3	99.98
1438767.3	99.98
1438768.3	99.98
1438769.3	99.98
1438770.3	99.98
1438771.3	97.9
1438773.3	99.98
1438774.3	99.98
1438775.3	99.98
1438776.3	99.98
1438777.3	99.98
1438778.3	99.68
1438780.3	99.98
1438781.3	99.28
1438782.3	99.98
1438784.3	99.52
1438790.3	99.98
1438794.3	99.4
1438796.3	98.79
1438802.3	99.98
1438806.3	99.83
1438810.3	99.68
1438988.3	99.85
1438995.3	99.85
1438999.3	99.85
1439000.3	99.68
1439001.3	99.85
1439006.3	99.85
1439008.3	99.85
1439010.3	99.85
1439014.3	99.85
1439015.3	99.85
1439026.3	99.85
1439027.3	99.85
1439048.3	99.85
1439055.3	99.85
1439057.3	99.85
1439066.3	99.85
1439067.3	99.68
1439071.3	99.3
1439072.3	99.78
1439073.3	99.68
1439076.3	99.68
1439077.3	99.85
1439079.3	99.85
1439080.3	99.85
1439090.3	99.85
1439091.3	99.85
1439106.3	99.85
1439111.3	99.85
1439115.3	99.09
1439118.3	99.85
1439139.3	85.99
1439141.3	99.85
1439146.3	99.85
1439147.3	99.85
1439153.3	99.85
1439159.3	99.85
1439162.3	99.85
1439169.3	99.85
1439170.3	99.85
1439176.3	99.85
1439183.3	99.85
1439185.3	99.85
1439193.3	99.85
1439205.3	99.85
1439207.3	99.85
1439208.3	99.85
1439225.3	99.85
1439236.3	99.85
1439243.3	99.85
1439246.3	99.85
1439271.3	99.85
1439273.3	99.85
1439276.3	97.84
1439288.3	99.85
1439294.3	99.85
1439299.3	99.3
1439309.3	99.85
1439310.3	99.85
1439314.3	99.85
1439324.3	98.29
1440052.3	97.82
1440056.3	99.14
1441608.4	95.37
1443109.3	97.93
1443123.3	96.32
1444036.3	98.32
1444037.3	99.15
1444038.3	97.3
1444039.3	97.92
1444040.3	98.45
1444041.3	96.32
1444042.3	97.51
1444044.3	96.68
1444047.3	98.94
1444048.3	99.03
1444049.3	98.56
1444050.3	97.95
1444051.3	98.06
1444054.3	96.33
1444055.3	98.54
1444056.3	95.29
1444057.3	94.59
1444058.3	97.11
1444061.3	98.98
1444062.3	96.69
1444063.3	97.31
1444064.3	98.12
1444065.3	99.1
1444067.3	98.49
1444068.3	98.26
1444070.3	97.61
1444071.3	97.27
1444073.3	91.04
1444076.3	98.1
1444077.3	96.45
1444078.3	97.65
1444079.3	96.69
1444080.3	99
1444081.3	99.52
1444082.3	98.33
1444083.3	97.51
1444085.3	99.56
1444086.3	97.12
1444087.3	98.88
1444089.3	96.83
1444090.3	95.52
1444091.3	96.45
1444092.3	97.25
1444096.3	98.33
1444098.3	96.16
1444100.3	98.18
1444101.3	97.93
1444102.3	99.27
1444104.3	99.07
1444105.3	98.03
1444106.3	98.05
1444107.3	99.68
1444108.3	95.74
1444110.3	96.08
1444111.3	98.3
1444112.3	96.87
1444114.3	99.64
1444115.3	98.16
1444116.3	97.25
1444117.3	99.16
1444120.3	99.48
1444121.3	96.99
1444123.3	95.25
1444126.3	96.77
1444127.3	97.49
1444128.3	96.91
1444129.3	98.77
1444130.3	97.07
1444131.3	96.9
1444132.3	97.74
1444133.3	98.3
1444134.3	96.29
1444135.3	98.23
1444136.3	98.35
1444138.3	97.47
1444139.3	98.33
1444140.3	99.4
1444142.3	99.09
1444143.3	98.29
1444144.3	99.54
1444145.3	99.34
1444146.3	97.46
1444147.3	99.03
1444148.3	98.97
1444150.3	96.33
1444151.3	96.79
1444152.3	97.94
1444153.3	82.46
1444155.3	96.66
1444156.3	97.54
1444157.3	97.95
1444158.3	96.24
1444159.3	99.49
1444160.3	98.04
1444162.3	87.32
1444163.3	97.29
1444164.3	97.79
1444165.3	93.1
1444166.3	97.58
1444167.3	99.09
1444170.3	98.85
1444172.3	89.3
1444173.3	98.21
1444174.3	98.13
1444175.3	98.4
1444176.3	98.53
1444178.3	93.95
1444179.3	98.11
1444181.3	97.16
1444183.3	97.91
1444184.3	94
1444186.3	99.4
1444187.3	99.44
1444188.3	98
1444189.3	98.63
1444191.3	95.31
1444192.3	98.76
1444197.3	99.49
1444198.3	98.38
1444199.3	98.49
1444200.3	98.22
1444202.3	98.53
1444204.3	99.68
1444205.3	98.19
1444206.3	98.06
1444207.3	96.11
1444208.3	98.18
1444209.3	94.24
1444210.3	98.33
1444211.3	98.55
1444212.3	98.23
1444215.3	98.72
1444216.3	98.03
1444217.3	96.43
1444218.3	99.32
1444219.3	97.04
1444223.3	98.79
1444228.3	99.43
1444234.3	96.78
1444235.3	97.53
1444236.3	95.77
1444237.3	98.9
1444238.3	98.54
1444239.3	97.7
1444240.3	98.23
1444242.3	98.3
1444243.3	97.96
1444244.3	98.15
1444245.3	97.92
1444246.3	98.99
1444248.3	97.58
1444251.3	98.16
1444253.3	99.19
1444254.3	95.82
1444256.3	98.51
1444258.3	99.83
1444261.3	97.78
1444262.3	97.98
1444263.3	97.63
1444264.3	95.23
1444265.3	96.05
1444266.3	97.28
1444267.3	99.45
1444268.3	98.32
1444269.3	97.69
1444271.3	99.05
1444272.3	97.84
1444273.3	98.31
1444274.3	98.6
1444275.3	98.49
1444276.3	97.92
1444277.3	97.38
1444278.3	97.11
1444279.3	98.5
1444280.3	97.17
1444282.3	96.58
1444308.3	99.44
1447534.3	99.06
1447535.3	99.57
1447536.3	99.57
1448140.3	99.25
1449984.3	98.15
1449985.3	98.3
1450513.3	98.86
1450514.3	97.01
1450515.3	97.69
145261.3	100
1453472.3	99.48
1455599.3	99.13
1455600.3	98.68
1457187.3	99.18
1457192.3	98.22
1457300.3	99.44
1458265.3	99.5
1462.6	99.44
1464.24	99.09
1465.13	98.92
1491.409	99.96
149539.534	99.96
1496.850	99.3
1502.218	99.98
1509.24	99.27
1513.39	98.52
1519.9	99.26
152480.10	99.55
1525218.3	99.04
1537702.3	94
155864.43	99.93
155892.3	99.03
1580.90	99.06
1582.78	99.46
1585.18	99.35
1587.24	99.22
158879.11	99.43
1590.369	97.22
1591.6	98.07
1596.51	99.22
1597.53	99.46
1613.36	99.18
161398.10	98.65
1639.999	99.45
1648.208	100
1655.49	99.53
166314.3	99.32
1667.3	98.92
167539.5	100
167879.5	98.32
1718.83	99.52
1744.36	98.79
1747.91	99.4
1764.11	99.94
1770.26	99.28
1771.11	99.85
1771959.3	99.52
1772.19	99.44
1773.999	99.94
180282.10	99.85
1824.3	98.01
1829.18	98.39
1833.80	99.85
187420.15	99.69
1894.3	99.71
190650.5	99.68
1911.9	99.49
192.50	96.71
1931.11	98.79
195099.5	99.42
196600.6	99.86
197.6736	99.85
198214.7	99.49
198215.6	99.49
198466.3	99.85
199310.4	99.49
2055.8	99.28
208963.12	99.57
208964.12	99.57
210.2441	99.94
2133.18	98.01
2148.8	98.65
216432.7	99.43
216591.5	98.21
216595.4	99.22
216599.12	99.33
216895.17	99.29
218491.5	99.71
221988.4	100
224308.43	99.56
224914.51	98.69
226185.9	99.22
226900.8	97.6
228400.7	99.84
2287.9	100
232348.3	99.05
233412.5	99.41
235.20	98.79
2371.54	99.64
246196.57	98.81
246197.24	98.05
246200.7	99.36
257314.6	99.22
260799.14	99.08
262724.6	99.58
262727.7	99.54
262728.6	99.67
265669.9	99.45
267409.5	95.6
272556.10	99.66
272557.25	96.83
272560.6	100
272563.8	99.14
272623.7	100
272629.3	96.09
272942.6	98.46
273057.12	100
2756.16	99.45
28037.210	99.95
28141.113	99.85
28147.4	99.96
28442.6	99.93
28447.4	99.39
28450.457	99.99
286604.5	90.1
286783.3	99.96
287.3601	99.89
28901.908	99.96
289380.15	100
292.74	99.99
29339.55	98.61
29385.150	99.44
29388.48	99.64
29397.9	99.03
294.90	99.91
29449.15	99.63
29459.157	98.78
29461.11	99.78
29471.27	99.71
29491.33	99.42
29497.12	99.63
300269.12	99.33
300852.9	99.58
303.200	99.86
305.99	99.94
306254.7	98.98
306263.5	98.78
316401.27	99.49
317.250	99.89
319.17	99.83
319705.57	99.67
32022.87	99.74
32051.5	99.18
321956.7	99.35
324831.13	98.45
329.18	99.93
331272.8	100
335992.9	99.53
339.66	99.64
33903.11	98.89
33959.146	99.22
33966.4	99.21
33967.4	99.47
339671.7	100
34.7	98.05
340.17	99.64
340184.27	99.71
340188.11	99.96
34021.12	97.3
34085.28	99.51
342109.8	100
343509.12	100
347.13	99.73
347834.17	99.94
350703.9	97.08
350704.7	96.34
35743.3	98.68
358.92	99.86
358709.5	98.26
360094.4	97.46
367459.5	97.65
36855.4	98.88
370551.4	99.85
370553.4	99.74
370554.4	99.16
373153.27	99.39
37326.7	94.93
373384.11	99.22
375451.30	99.25
37762.5	99.29
381.62	99.78
382.61	99.28
384.11	99.97
387092.6	98.78
391591.24	91.29
393120.39	88.46
393127.4	99.32
393128.7	99.45
393131.7	99.45
393133.8	99.18
398580.10	98.53
40214.23	99.73
40324.125	99.97
410332.4	96.86
413502.11	99.14
416870.9	99.62
420890.5	100
426430.8	99.38
42897.19	99.32
43767.14	99.94
439184.6	99.85
439855.10	99.34
441158.4	96.61
444447.5	99.51
444448.5	99.93
444449.5	99.47
444450.8	99.93
444451.5	97.72
444452.5	96.34
444453.5	99.57
444454.5	90.37
451754.5	97.32
455631.3	99.14
456298.5	99.05
457401.3	99.93
45972.8	99.11
46170.303	99.43
46503.4	99.62
469008.4	99.35
469598.5	99.5
470.570	99.99
471.18	99.91
471223.3	99.44
471876.6	99.3
47715.90	99.46
478004.5	99.24
478005.5	98.98
478006.5	95.39
478007.5	96.19
478008.5	98.86
479832.7	98.81
479833.4	99.11
479834.4	99.11
482234.3	99.62
484021.57	99.3
487316.5	98.87
488538.3	99.79
499174.4	96.16
499175.4	98.91
499176.4	98.43
502346.5	99.64
502347.3	97.45
507522.6	99.73
511145.186	99.93
51663.56	99.38
518.17	99.53
521004.3	99.67
52258.7	99.75
525258.3	97.21
525259.3	96.88
525278.3	99.44
525281.3	99.85
525330.7	99.22
52598.8	99.04
526970.3	98.6
526977.6	98.84
527020.3	97.76
527021.10	97.59
537021.9	97.3
541229.3	98.86
543734.4	99.46
54388.99	99.96
544404.4	99.93
544556.5	99.44
54571.10	99.04
546.134	99.87
548.99	99.96
549.42	99.92
550.457	99.94
550542.5	99.44
550672.3	99.44
550673.3	99.64
550674.3	99.34
550694.3	99.86
552536.6	99.45
554.14	99.75
555.24	99.92
555311.12	100
55601.77	99.59
557722.4	99.23
559301.5	89.18
561307.5	99.4
562.7056	99.96
56449.3	100
56460.15	99.64
565644.5	99.26
566546.4	99.52
56730.5	98.94
568766.10	99.42
570506.3	99.5
571.68	99.98
573.9631	99.98
573235.3	99.59
576.34	99.11
57975.9	99.94
580.7	99.13
582.34	99.97
584.98	99.46
585055.8	99.48
585395.4	99.34
585535.5	99.48
58712.8	99.96
587753.9	99.88
59201.252	99.96
59202.5	99.63
592027.3	97.93
59204.14	99.57
594.9	99.86
59843.4	99.69
59919.7	99.19
59920.5	99.45
59922.8	99.86
59931.4	99.73
60550.7	99.46
611.81	99.96
615.363	99.86
616.14	99.81
621.101	99.81
623.233	99.44
624.72	99.81
630.103	99.98
632.129	99.97
633.53	99.92
634176.19	99.85
634497.12	99.53
634956.3	98.88
636.13	99.47
637381.3	99.18
637388.3	99.93
637389.3	98.14
644.86	99.97
645.8	99.67
645462.3	99.14
645463.3	99.14
651.4	99.97
652611.13	99.57
653938.3	99.18
654421.3	98.88
655225.3	98.13
655817.3	99.89
656379.3	99.88
656388.3	99.09
656390.3	99.45
656393.3	99.64
656398.3	99.58
656404.3	99.93
656405.3	99.93
656413.3	99.33
656417.3	99.93
656419.3	99.87
656420.3	99.75
656429.3	99.38
656435.3	99.5
656449.3	99.5
656912.3	99.67
656913.3	99.67
663.93	99.95
663954.3	99.38
665944.3	99.7
666.2925	99.97
667128.3	99.53
668.76	99.93
668336.12	99.89
669.44	99.92
670.821	99.99
670890.3	99.46
670892.3	99.37
670893.4	98.76
670894.3	98.24
670896.3	99.52
670897.3	99.47
670898.3	93.02
670899.3	99.64
670903.3	99.75
670904.4	99.16
670905.8	99.52
672.153	99.97
67263.19	99.89
67780.7	96.26
678.25	98.42
67825.18	98.33
679198.3	99.85
679202.3	99.57
679204.3	98.83
679205.4	99.21
679206.4	98.43
683837.3	99.45
686340.3	98.4
691.32	98.35
691159.5	92.72
691160.5	94.57
691161.5	94.01
69218.7	99.71
696406.3	99.91
696748.4	99.66
699033.6	98.95
699034.5	98.7
699035.5	97.25
699036.5	98.69
699037.5	98.95
701177.3	99.88
702430.3	99.84
70775.3	97.71
714.45	99.81
71421.8	99.45
72407.80	99.98
727.548	99.89
738.54	99.24
741093.3	99.93
743972.3	99.66
74547.5	99.32
747.136	99.89
749493.3	99.44
749508.3	99.44
749510.3	99.63
749518.3	99.44
749527.3	99.37
749528.3	99.81
749529.3	99.72
749533.3	99.32
749536.3	99.28
749538.3	98.83
749539.3	98.68
749541.3	99.87
749548.3	99.55
749549.3	99.58
752787.3	98.14
752789.3	99.43
754077.4	99.38
754078.3	98.85
754079.3	99.54
754080.3	99.4
754081.3	99.17
754082.3	99.81
754083.3	99.43
754084.3	99.21
754085.3	98.99
754086.3	99.2
754087.3	99.53
754088.3	99.36
754090.3	99.59
754091.3	98.41
754092.3	99.04
754093.3	99.8
754332.3	99.09
754505.3	99.08
754506.3	99.89
754507.3	99.55
758830.3	98.41
75985.92	99.81
762569.4	100
762570.4	100
762965.3	99.66
76594.4	99.29
766138.3	97.76
766139.3	98.34
766140.3	98.24
766142.3	97.62
766143.3	97.05
766145.3	98.9
766146.3	98.93
766147.3	99.07
766148.3	98.97
766149.3	99.38
766150.3	98.37
766151.3	99.37
766152.3	99.48
766153.3	98.36
766155.3	97.44
766157.3	98.44
766158.3	98.72
766159.3	99.18
766160.3	96.54
766161.3	98.86
766162.3	99.12
766163.3	99.25
766164.3	97.89
766166.3	99.37
766729.3	99.51
766760.3	99.57
767453.3	98.08
77097.4	99.57
796620.3	94.11
798130.4	96.77
79879.3	97.02
79882.3	97
80866.9	99.85
817.95	99.26
823.7	99.04
82380.11	99.49
83333.111	99.93
83334.202	99.93
83554.70	97.77
83555.7	98.98
83964.9	98.54
84588.4	99.46
851.72	99.44
85569.92	99.96
85698.62	99.53
86029.6	99.56
861208.3	83.59
861455.3	98.82
862965.3	99.89
864566.3	99.26
866344.4	99.42
866345.4	99.42
866346.4	99.42
86662.41	98.78
866630.3	99.67
866909.3	99.24
868133.3	98.44
868134.3	99.18
868135.3	99.63
868136.3	96.06
868137.3	99.6
868138.3	99.63
868139.3	99.63
868140.3	99.63
868141.3	99.63
868142.3	91.33
868143.3	99.64
868144.3	99.64
868145.3	99.64
868146.3	99.64
868147.3	99.64
868148.3	98
868149.3	92.32
868150.3	98.83
868151.3	82.67
868152.3	98.08
868153.3	99.61
868154.3	99.44
868155.3	99.48
868156.3	99.93
868157.3	99.63
868158.3	99.88
868159.3	99.05
868160.3	99.24
868161.3	98.74
868163.3	98.81
868164.3	99.49
868165.3	99.83
868167.3	99.52
868168.3	99.67
868169.3	99.77
868170.3	99.47
868171.3	99.54
868172.3	99.17
868173.3	99.6
868174.3	99.32
868175.3	99.18
868176.3	99.14
868177.3	96.4
868178.3	99.65
868179.3	99.25
868180.3	99.73
868181.3	99.49
868182.3	99.39
868183.3	99.5
868184.3	99.11
868185.3	95.85
868186.3	99.7
868187.3	99.52
868188.3	99.34
868189.3	99.35
868190.3	96.86
868191.3	98.79
868192.3	99.47
868193.3	99.13
868194.3	99.4
868195.3	99.4
868196.3	97.95
868197.3	98.15
868198.3	99.17
868199.3	98.2
868200.3	99.15
868202.3	99.32
868203.3	99.52
868204.3	99.13
868206.3	99.43
868207.3	99.43
868208.3	99.74
868209.3	99.74
868210.3	99.37
882096.3	99.18
883064.3	100
885275.3	99.89
885276.3	99.89
887280.3	98.75
887281.3	89.55
887282.3	86.68
887283.3	99.25
887284.3	81.28
887285.3	99.21
887286.3	99.04
887287.3	99.29
887288.3	99.26
887289.3	99.26
887290.3	99.33
887291.3	99.33
887292.3	99.33
887293.3	99.21
887294.3	93.21
887295.3	99.29
887296.3	99.33
887297.3	99
887298.3	99.61
887299.3	99.33
887300.3	98.96
887301.3	99.33
887302.3	99.29
887303.3	99.06
887304.3	99.33
887305.3	99.33
887306.3	98.64
887307.3	99.33
887308.3	99.61
887309.3	93.21
887310.3	99.33
887311.3	95.22
887312.3	99.23
887313.3	98.75
887314.3	99.61
887315.3	94.78
887316.3	98.86
887317.3	99.33
887318.3	98.32
887319.3	99.19
887320.3	94.21
887321.3	91.72
887324.3	98.11
888057.3	99.89
888063.8	99.57
888728.3	99.56
888828.3	99.89
90370.999	99.96
90371.922	99.96
904335.3	99.63
904342.3	99.7
909209.3	97.52
909954.3	99.22
913087.3	99.24
913088.3	98.86
913089.3	98.11
913090.3	95.94
913091.3	97.6
914127.3	100
926026.3	99.63
926027.10	99.64
926028.3	99.63
926029.3	99.93
926030.3	99.88
926571.7	99.03
92706.3	99.52
927193.3	92.2
93061.5	99.43
935897.3	99.67
936153.3	99.63
941322.6	99.3
941429.3	96.28
941435.3	99.64
945360.3	97.87
945433.3	99.18
945434.3	99.28
948565.3	92.56
953739.5	98.47
95486.53	99.97
959.16	98.2
96345.75	99.3
98360.51	99.64
990268.3	94
991947.6	99.1
99287.12	99.67
993513.3	98.21
996.28	99.65
997824.3	98.82
997825.3	99.54
997827.4	99.06
997828.4	99.06
999629.3	98.88
